housing_development,housing_node,subway_node,path_length,path_nodes
303 VERNON AVENUE,"(-73.93951197570972, 40.695735289898465)","(-73.93600679221925, 40.69740539574775)",0.005415450272254846,"[(-73.93951197570972, 40.695735289898465), (-73.93867614288104, 40.69583093541055), (-73.93763027449188, 40.69595086208581), (-73.93771051016633, 40.696319273256904), (-73.93779110792102, 40.696689342233185), (-73.93792316380201, 40.69728284063566), (-73.93794236786998, 40.69736914817849), (-73.93795451445934, 40.697423608148725), (-73.93638762625119, 40.697615301507305), (-73.93600679221925, 40.69740539574775)]"
ALBANY,"(-73.93753114689092, 40.67358374466562)","(-73.93388773677857, 40.668950445057426)",0.008103916434129974,"[(-73.93753114689092, 40.67358374466562), (-73.93730675593065, 40.67334799738817), (-73.93708976184678, 40.67281200628175), (-73.93708255238936, 40.67272750062109), (-73.9368271783595, 40.672719281650245), (-73.93667540626117, 40.67271439535743), (-73.93634319941478, 40.67269957645943), (-73.93355357161703, 40.67251450202635), (-73.93363490519087, 40.671626433641144), (-73.93372501109393, 40.67073377168591), (-73.93379830527282, 40.66989047774086), (-73.93386776665083, 40.6691603437304), (-73.93388773677857, 40.668950445057426)]"
ALBANY II,"(-73.93760573701209, 40.67506741770622)","(-73.94120864299792, 40.67993835324961)",0.008482454022411434,"[(-73.93760573701209, 40.67506741770622), (-73.9378305198489, 40.67512522021523), (-73.93795019787467, 40.67520343302249), (-73.93797459296539, 40.67524996295066), (-73.93800871252763, 40.67535231820821), (-73.9380755324414, 40.675437879142024), (-73.93814395171164, 40.67544142163284), (-73.93829299986537, 40.67545226164337), (-73.93836996623352, 40.67545785945876), (-73.93884149817444, 40.6754921517155), (-73.93876783935562, 40.67627240888502), (-73.9386949143591, 40.67705082000206), (-73.93863289980794, 40.677769920102925), (-73.9398432943465, 40.67783549523865), (-73.94057783956866, 40.67787528365326), (-73.94138499635606, 40.677918994218246), (-73.94137663796481, 40.67800823081451), (-73.94136917057806, 40.678092902899905), (-73.94127655236136, 40.67918418002977), (-73.94124365333982, 40.67954954586499), (-73.94120864299792, 40.67993835324961)]"
ATLANTIC TERMINAL SITE 4B,"(-73.97078728547517, 40.682787801570164)","(-73.97443995690084, 40.68630969378093)",0.0057329217058534505,"[(-73.97078728547517, 40.682787801570164), (-73.97081371590703, 40.68292324245692), (-73.97082526735734, 40.682982435403815), (-73.97083104781161, 40.68301205457783), (-73.97087172960626, 40.683220519316464), (-73.97093864822119, 40.68352062105759), (-73.9712392213219, 40.68502748689514), (-73.97231249552347, 40.68545823415854), (-73.97276482726946, 40.68564129207933), (-73.97307314853371, 40.685763053469856), (-73.97337475185097, 40.68588481532597), (-73.97443995690084, 40.68630969378093)]"
BAY VIEW,"(-73.88574662884832, 40.633625770904615)","(-73.90201020658124, 40.64619881566991)",0.021966894672732357,"[(-73.88574662884832, 40.633625770904615), (-73.88593257874223, 40.633889258199325), (-73.88652899746775, 40.6348395116389), (-73.8872216021577, 40.63439235756281), (-73.8878383253564, 40.63491737146138), (-73.88792544059152, 40.63486252777495), (-73.888028028747, 40.6347979423887), (-73.88807508325702, 40.63476816927013), (-73.88833195159256, 40.63460563810762), (-73.88838707629913, 40.634570758717906), (-73.88877396356463, 40.6343259564007), (-73.88882449882125, 40.63436739340106), (-73.88887901505896, 40.634416758500194), (-73.89067699639358, 40.63604471219315), (-73.89249500146032, 40.637676150769046), (-73.89431256091183, 40.63930915334984), (-73.8961305303342, 40.640941190210754), (-73.89661978833928, 40.64138032835242), (-73.8979490731379, 40.642573379228864), (-73.89902427520327, 40.643539405734025), (-73.89979086773329, 40.644226775853944), (-73.9004974886274, 40.64486709970463), (-73.90143322532157, 40.64570373074788), (-73.90201020658124, 40.64619881566991)]"
BEDFORD-STUYVESANT REHAB,"(-73.94211504270801, 40.694686309952104)","(-73.94114917214166, 40.70028112749204)",0.007316352231296228,"[(-73.94211504270801, 40.694686309952104), (-73.94105809926592, 40.69480706801829), (-73.94098034322441, 40.69481595151608), (-73.94041185850996, 40.69488089676258), (-73.94055657058136, 40.69561563914145), (-73.94070625153131, 40.696353053879236), (-73.94081036003385, 40.69686937634222), (-73.94083220746896, 40.696976804602215), (-73.94090103075031, 40.69731521620944), (-73.94093882545762, 40.69750105626059), (-73.94096639816361, 40.69763663067542), (-73.94101903715477, 40.697895457396534), (-73.9410385097804, 40.69799120320834), (-73.94105513993843, 40.698072973436005), (-73.94107572995449, 40.69817421386994), (-73.9411503532608, 40.69854113134106), (-73.9413088072284, 40.69929247369737), (-73.9414309536809, 40.69993432173255), (-73.94114917214166, 40.70028112749204)]"
BORINQUEN PLAZA I,"(-73.94273448447798, 40.70447330641363)","(-73.94114917214166, 40.70028112749204)",0.004977614455534181,"[(-73.94273448447798, 40.70447330641363), (-73.94261480187355, 40.70376360733348), (-73.94249471625714, 40.70305349021571), (-73.94238140597824, 40.702345553481955), (-73.94226698299158, 40.70163655003682), (-73.94218426132606, 40.701150648502725), (-73.94219762573066, 40.70111630088337), (-73.94221599827546, 40.70108332062495), (-73.94223914418518, 40.701052129155755), (-73.94226676791362, 40.701023124951526), (-73.94229851626727, 40.70099667874578), (-73.94233398355637, 40.700973128472086), (-73.94220058705265, 40.70089066746779), (-73.94193078882317, 40.70072523369068), (-73.94114917214166, 40.70028112749204)]"
BORINQUEN PLAZA II,"(-73.94073750255133, 40.70538244256799)","(-73.93983705824066, 40.70765368652589)",0.0034215077213667496,"[(-73.94073750255133, 40.70538244256799), (-73.93987042162756, 40.70546344157838), (-73.93990967399665, 40.70575145717902), (-73.93996713243607, 40.70617304846455), (-73.93959751825243, 40.70621044685607), (-73.93971460727494, 40.70691829197324), (-73.93983705824066, 40.70765368652589)]"
BREUKELEN,"(-73.89478629982644, 40.650916266763915)","(-73.89900463451397, 40.65136845874942)",0.005322893358685386,"[(-73.89478629982644, 40.650916266763915), (-73.89501108403364, 40.651117851478816), (-73.89506862493788, 40.651169453301904), (-73.89553201732768, 40.65158501390254), (-73.89565151783941, 40.65169217818737), (-73.89586154935958, 40.65188052683078), (-73.89621590671945, 40.65164801809641), (-73.8962795764656, 40.65160624169561), (-73.89655685965546, 40.65142430250594), (-73.89661390716178, 40.65138687050667), (-73.89675272263936, 40.651295786074165), (-73.89680700376482, 40.65126016901036), (-73.89721054793164, 40.65099537873812), (-73.89727504547254, 40.65095316276218), (-73.89736588067423, 40.65089370729724), (-73.89742477862504, 40.650855011706575), (-73.89757174797231, 40.6507588869298), (-73.89771516057255, 40.65066508811568), (-73.8977945716983, 40.65061310932766), (-73.89797649483312, 40.650494030868174), (-73.89900463451397, 40.65136845874942)]"
BREVOORT,"(-73.9239192587028, 40.68049959380221)","(-73.92138956858267, 40.679084196329256)",0.005220700277946149,"[(-73.9239192587028, 40.68049959380221), (-73.92402583965311, 40.68097468200822), (-73.9236128124628, 40.681022425010426), (-73.9232616333311, 40.680827839430854), (-73.92323148303721, 40.68092842523593), (-73.92315629188833, 40.68101983411581), (-73.9230420796224, 40.68109063892363), (-73.92287784972405, 40.68112654139062), (-73.92253140158725, 40.681170513861545), (-73.92242652099652, 40.68121074517347), (-73.92240197058248, 40.68108955298375), (-73.92238256009603, 40.680993736828015), (-73.92236962396007, 40.68092987977376), (-73.92235458562172, 40.68085564480018), (-73.92233849620887, 40.68077621826839), (-73.92231261910513, 40.68064847331614), (-73.92227774187859, 40.680476293256355), (-73.92225617616074, 40.680367763947714), (-73.92223681791744, 40.68027034321343), (-73.92221627027567, 40.680166934732384), (-73.92217715658306, 40.679970085487554), (-73.92215222981633, 40.67984463475113), (-73.9221324286599, 40.67974497719794), (-73.92211150002083, 40.679657556777904), (-73.92208787202036, 40.67955885739571), (-73.92205453523513, 40.67941960385454), (-73.92203214093097, 40.67932605894956), (-73.92201534562966, 40.6792558998487), (-73.92199990804882, 40.6791914141546), (-73.9219737627604, 40.679077488785175), (-73.92183500137108, 40.678945559144346), (-73.92164748131954, 40.678870547032666), (-73.9216273155062, 40.67892796884778), (-73.92162721946735, 40.67892823833451), (-73.92162706407801, 40.678928454004414), (-73.92158809726061, 40.678982901784046), (-73.92158802583687, 40.678983009958294), (-73.92158790733387, 40.678983108216336), (-73.92153192788753, 40.679029481941114), (-73.92153176113898, 40.67902962623631), (-73.92153158301241, 40.67902971557467), (-73.92146363943212, 40.679063826283915), (-73.92146336595988, 40.67906396933347), (-73.9214630227837, 40.6790640679406), (-73.92138956858267, 40.679084196329256)]"
BROWN,"(-73.9129017249793, 40.67317791956394)","(-73.91174966018426, 40.67757038402874)",0.007090025427077179,"[(-73.9129017249793, 40.67317791956394), (-73.91279027505118, 40.673171698423666), (-73.91269518420103, 40.67316639022037), (-73.9125883801649, 40.67316042822496), (-73.91168802737364, 40.673110165624195), (-73.91161308432234, 40.672997615610406), (-73.91139189674357, 40.67308966722838), (-73.91122305892796, 40.67316160505513), (-73.91115101811627, 40.673978650250966), (-73.91107588073913, 40.67475706067127), (-73.91100238542877, 40.67554411734753), (-73.91093397393234, 40.67626103661966), (-73.91092600900731, 40.676344445404816), (-73.91091823327714, 40.67641897485801), (-73.91081358355416, 40.67752114234114), (-73.91174966018426, 40.67757038402874)]"
BROWNSVILLE,"(-73.9079050035785, 40.66589336414003)","(-73.90892035289427, 40.66255460717905)",0.004947883092826779,"[(-73.9079050035785, 40.66589336414003), (-73.90753953063988, 40.664364885935434), (-73.90765133398749, 40.66434798437707), (-73.90794328519834, 40.66430384790184), (-73.90802167111589, 40.66429199768238), (-73.90814859396471, 40.664272809913854), (-73.90829738013466, 40.664250273294684), (-73.9083861042643, 40.66423683419021), (-73.90848716227686, 40.66422152684018), (-73.90857549838522, 40.66420814641839), (-73.90865506378631, 40.66419609433084), (-73.90895102789315, 40.66415126290818), (-73.90903658351479, 40.66413830277244), (-73.90930543485972, 40.66409757722226), (-73.90917163714369, 40.66356147697041), (-73.90914238058295, 40.66344425239265), (-73.90892035289427, 40.66255460717905)]"
BUSHWICK,"(-73.93920628361626, 40.70269338004049)","(-73.94114917214166, 40.70028112749204)",0.004072897240410581,"[(-73.93920628361626, 40.70269338004049), (-73.93903673126174, 40.70264181829304), (-73.93900123947549, 40.70235809564632), (-73.93897487453589, 40.70215798329008), (-73.93891095184793, 40.7017415167008), (-73.93886864126148, 40.701427672478765), (-73.9395100827194, 40.701279781248125), (-73.93982495738383, 40.701208798645844), (-73.94001712055982, 40.70116614766985), (-73.94020563904989, 40.701124305143956), (-73.94042057874316, 40.701076598294954), (-73.94114917214166, 40.70028112749204)]"
CAREY GARDENS,"(-73.98996395141883, 40.57546220844776)","(-73.98156367397989, 40.576981820497444)",0.009151803946509737,"[(-73.98996395141883, 40.57546220844776), (-73.99007402701699, 40.57604149907473), (-73.98901555345836, 40.57615831757322), (-73.9879538520176, 40.576275774319356), (-73.98689291474096, 40.57639209604422), (-73.98583251618797, 40.57650969600389), (-73.9847735908171, 40.57662632223796), (-73.98371127190396, 40.57674332589292), (-73.98265122906933, 40.57685931154007), (-73.98156367397989, 40.576981820497444)]"
CONEY ISLAND,"(-73.99636029761535, 40.57277403164797)","(-73.98156367397989, 40.576981820497444)",0.0167193759072225,"[(-73.99636029761535, 40.57277403164797), (-73.9959608454797, 40.57278773963882), (-73.99579140428621, 40.57280142239687), (-73.99568523467174, 40.5728099954693), (-73.99490444381993, 40.57287304021294), (-73.99382750900746, 40.573012902055076), (-73.99277259014403, 40.57319823125334), (-73.99174340405398, 40.57343001107267), (-73.99094831543192, 40.57364650523814), (-73.99086419687762, 40.5736694095858), (-73.99071712186533, 40.5737094554514), (-73.98992499125329, 40.57393637131521), (-73.98982121767227, 40.57396609765682), (-73.98968697877935, 40.574004550970876), (-73.9886863897681, 40.57429467743252), (-73.98763474335165, 40.57459428191174), (-73.98702986347766, 40.57477027954194), (-73.9869396371495, 40.57479653158493), (-73.98660774857038, 40.57489309576248), (-73.98572242289762, 40.57511680541665), (-73.98557308976756, 40.57514996196313), (-73.98451903070446, 40.57530375122421), (-73.9847735908171, 40.57662632223796), (-73.98371127190396, 40.57674332589292), (-73.98265122906933, 40.57685931154007), (-73.98156367397989, 40.576981820497444)]"
CONEY ISLAND I (SITE 1B),"(-73.98702986347766, 40.57477027954194)","(-73.98156367397989, 40.576981820497444)",0.007147352168938115,"[(-73.98702986347766, 40.57477027954194), (-73.9869396371495, 40.57479653158493), (-73.98660774857038, 40.57489309576248), (-73.98572242289762, 40.57511680541665), (-73.98557308976756, 40.57514996196313), (-73.98451903070446, 40.57530375122421), (-73.9847735908171, 40.57662632223796), (-73.98371127190396, 40.57674332589292), (-73.98265122906933, 40.57685931154007), (-73.98156367397989, 40.576981820497444)]"
CONEY ISLAND I (SITE 8),"(-74.00045899219964, 40.57372138846097)","(-73.98156367397989, 40.576981820497444)",0.020396129411015197,"[(-74.00045899219964, 40.57372138846097), (-74.00048497234205, 40.57385885422326), (-74.0006164651943, 40.574554602612025), (-74.00067580330948, 40.57486856066887), (-73.99961512279324, 40.57498420714532), (-73.99855647023543, 40.575100564732445), (-73.99749692764964, 40.57521779458624), (-73.99643826762703, 40.575335501199824), (-73.995379757615, 40.57545082048347), (-73.99431553806208, 40.57557399189109), (-73.99326198042282, 40.575695154264935), (-73.9921959710341, 40.57580857079), (-73.99113479997438, 40.575925679360616), (-73.99015545199933, 40.576032608923555), (-73.99007402701699, 40.57604149907473), (-73.98901555345836, 40.57615831757322), (-73.9879538520176, 40.576275774319356), (-73.98689291474096, 40.57639209604422), (-73.98583251618797, 40.57650969600389), (-73.9847735908171, 40.57662632223796), (-73.98371127190396, 40.57674332589292), (-73.98265122906933, 40.57685931154007), (-73.98156367397989, 40.576981820497444)]"
CONEY ISLAND I (SITES 4 & 5),"(-73.99298145774439, 40.574311013674)","(-73.98156367397989, 40.576981820497444)",0.014235010179231391,"[(-73.99298145774439, 40.574311013674), (-73.99277259014403, 40.57319823125334), (-73.99174340405398, 40.57343001107267), (-73.99094831543192, 40.57364650523814), (-73.99086419687762, 40.5736694095858), (-73.99071712186533, 40.5737094554514), (-73.98992499125329, 40.57393637131521), (-73.98982121767227, 40.57396609765682), (-73.98968697877935, 40.574004550970876), (-73.9886863897681, 40.57429467743252), (-73.98763474335165, 40.57459428191174), (-73.98702986347766, 40.57477027954194), (-73.9869396371495, 40.57479653158493), (-73.98660774857038, 40.57489309576248), (-73.98572242289762, 40.57511680541665), (-73.98557308976756, 40.57514996196313), (-73.98451903070446, 40.57530375122421), (-73.9847735908171, 40.57662632223796), (-73.98371127190396, 40.57674332589292), (-73.98265122906933, 40.57685931154007), (-73.98156367397989, 40.576981820497444)]"
COOPER PARK,"(-73.93846133616383, 40.717642766580404)","(-73.94438746538694, 40.714531601128066)",0.007853102266138582,"[(-73.93846133616383, 40.717642766580404), (-73.93871525487887, 40.71756367068291), (-73.93880544065368, 40.71753557782199), (-73.9394010730553, 40.71735003418356), (-73.93950299395534, 40.71731828464647), (-73.94023120848522, 40.71709143452833), (-73.94183620925426, 40.71692291536274), (-73.94207696915724, 40.716177576650324), (-73.94216246822579, 40.71545133979282), (-73.94216076925149, 40.715063048003245), (-73.94258994533376, 40.71487728613252), (-73.94273549762208, 40.71486784409933), (-73.94270638160356, 40.71468948326522), (-73.94438746538694, 40.714531601128066)]"
CYPRESS HILLS,"(-73.87252831887494, 40.66961782388302)","(-73.87191497686275, 40.67540264798403)",0.007763674589925758,"[(-73.87252831887494, 40.66961782388302), (-73.87236654238883, 40.66954984088985), (-73.8705617178768, 40.66979734789319), (-73.87083179938256, 40.670949429997236), (-73.87092538938347, 40.67132686041264), (-73.8711095221607, 40.672074510659364), (-73.8711214596557, 40.672122980502124), (-73.87116424789936, 40.67229671458812), (-73.87117440924573, 40.672337972365035), (-73.87130258072807, 40.672858385384814), (-73.87159867198847, 40.67413367562961), (-73.87191497686275, 40.67540264798403)]"
EAST NEW YORK CITY LINE,"(-73.8733301230153, 40.66871051629619)","(-73.87191497686275, 40.67540264798403)",0.00970796513373206,"[(-73.8733301230153, 40.66871051629619), (-73.87336453011466, 40.668756222325776), (-73.87342739806326, 40.6688397350616), (-73.87346268930177, 40.66888661456263), (-73.87373735060449, 40.6692514666022), (-73.87296401629912, 40.66953512646912), (-73.87252831887494, 40.66961782388302), (-73.87236654238883, 40.66954984088985), (-73.8705617178768, 40.66979734789319), (-73.87083179938256, 40.670949429997236), (-73.87092538938347, 40.67132686041264), (-73.8711095221607, 40.672074510659364), (-73.8711214596557, 40.672122980502124), (-73.87116424789936, 40.67229671458812), (-73.87117440924573, 40.672337972365035), (-73.87130258072807, 40.672858385384814), (-73.87159867198847, 40.67413367562961), (-73.87191497686275, 40.67540264798403)]"
FARRAGUT,"(-73.98230239437191, 40.699808187845576)","(-73.98674782248713, 40.70152649984747)",0.005262170408168985,"[(-73.98230239437191, 40.699808187845576), (-73.98240409023678, 40.69981111522879), (-73.98255293210472, 40.69981539927797), (-73.9826436890017, 40.69981801134729), (-73.98273644237719, 40.69982068110635), (-73.98282408043444, 40.69982320344105), (-73.98289842031586, 40.69983292388753), (-73.98294189773156, 40.69983718519643), (-73.98300984530572, 40.6998376371835), (-73.98355227896155, 40.69984273609866), (-73.98367606072837, 40.699843584321), (-73.98386662248514, 40.699845234529214), (-73.98404712858277, 40.699846267326095), (-73.98422754555328, 40.69985070590386), (-73.98440776275939, 40.699858547312786), (-73.98458766914035, 40.699869786958395), (-73.9847513613165, 40.700014204347504), (-73.98489917784771, 40.70016018931701), (-73.98505652797654, 40.700300577744436), (-73.98522285008738, 40.70043485236233), (-73.98529224418165, 40.700485574759995), (-73.98544715580444, 40.70059289011495), (-73.98557111382078, 40.70065755414441), (-73.9856447162353, 40.700695182592284), (-73.98576265256773, 40.70075817552851), (-73.98588383579839, 40.700817491830776), (-73.98600806816108, 40.7008730346932), (-73.98613514691179, 40.70092471346806), (-73.98626486460897, 40.700972443768855), (-73.98639700960162, 40.701016147744205), (-73.98653136622777, 40.701055754067404), (-73.98666771521475, 40.70109119809904), (-73.98678331779197, 40.70111969776003), (-73.98674782248713, 40.70152649984747)]"
GARVEY (GROUP A),"(-73.91553422577068, 40.67024338301324)","(-73.91174966018426, 40.67757038402874)",0.010304720440698582,"[(-73.91553422577068, 40.67024338301324), (-73.91487246337705, 40.67053222822069), (-73.91461857795773, 40.67064323825185), (-73.91454485604129, 40.670675472513764), (-73.91403857192103, 40.670896839323994), (-73.9141008998342, 40.6709801656847), (-73.9141488716146, 40.671070748492426), (-73.91418051624802, 40.67116635281238), (-73.91419471250457, 40.67126434813598), (-73.91419131071513, 40.67136197952896), (-73.914171119019, 40.67145663566499), (-73.91413546000751, 40.67182392941458), (-73.91413038996762, 40.6718761829456), (-73.91412274852293, 40.67195982593554), (-73.91408727586348, 40.67234789458706), (-73.91404969595304, 40.6727542680782), (-73.91404104389885, 40.67284783314338), (-73.91400482504017, 40.67323948744062), (-73.91391976078366, 40.67412977230622), (-73.91385002405647, 40.674910549174975), (-73.91377684577539, 40.6756867553687), (-73.9137048871752, 40.67640723975979), (-73.9136960555289, 40.67649567240921), (-73.91368894369305, 40.67657103147152), (-73.91275901894089, 40.67652140512841), (-73.91264698825206, 40.67762042599163), (-73.91174966018426, 40.67757038402874)]"
GLENMORE PLAZA,"(-73.90628659451305, 40.67140980745534)","(-73.90198218142282, 40.66967007069608)",0.006142845745323161,"[(-73.90628659451305, 40.67140980745534), (-73.90613086223519, 40.67076600984646), (-73.90603113065366, 40.67038416322809), (-73.90510914815717, 40.67052786749113), (-73.90420035674025, 40.67065761692242), (-73.90326962625592, 40.67079313133521), (-73.90271759037115, 40.67087158961977), (-73.90259611541052, 40.67088933241721), (-73.90237704150758, 40.67092254292449), (-73.90232728093362, 40.670930086187326), (-73.90228822560194, 40.6709360064641), (-73.90198218142282, 40.66967007069608)]"
GLENWOOD,"(-73.92100951343754, 40.63418569425433)","(-73.90201020658124, 40.64619881566991)",0.023831932397680947,"[(-73.92100951343754, 40.63418569425433), (-73.92091254726157, 40.63417001774376), (-73.9208141869591, 40.634160652541745), (-73.92071513900373, 40.63415766591383), (-73.91995189506412, 40.63416676580327), (-73.91977042651261, 40.63402112262855), (-73.9195900658599, 40.63400678300904), (-73.91955599932155, 40.63402874010807), (-73.91950580969763, 40.634061089605844), (-73.91939493011043, 40.634132555362164), (-73.91885164469278, 40.63448271897984), (-73.91790929797332, 40.635098266694406), (-73.91714662190425, 40.63558876408802), (-73.91643083404439, 40.636046628447986), (-73.91605775155239, 40.63628602057866), (-73.91571451380112, 40.63650627095296), (-73.91532808913621, 40.636757132498445), (-73.91494383807022, 40.637006590123924), (-73.91453326236585, 40.637271920667985), (-73.91417502321552, 40.63750342057058), (-73.91346171889013, 40.637964960565576), (-73.91274790785081, 40.63842737794078), (-73.91203383776293, 40.638890115006106), (-73.91129273680916, 40.639368729586195), (-73.9105466338199, 40.63984901981391), (-73.9104376996167, 40.6399188156947), (-73.90983126204802, 40.64030738405345), (-73.90911926743973, 40.64077015835976), (-73.90840319912007, 40.641231349056454), (-73.90763661340604, 40.6417296416469), (-73.90681143221241, 40.64225799455206), (-73.9063216846757, 40.64256122443777), (-73.90541680534773, 40.643128809895735), (-73.90470192623533, 40.64359066363543), (-73.90398788802979, 40.644052296668335), (-73.9031119767143, 40.64462270711225), (-73.90231269803894, 40.645134704867544), (-73.90143322532157, 40.64570373074788), (-73.90201020658124, 40.64619881566991)]"
GOWANUS,"(-73.98850855188016, 40.68354722437831)","(-73.99090315101355, 40.686082425143105)",0.005002959486212238,"[(-73.98850855188016, 40.68354722437831), (-73.98858312002857, 40.68357628426801), (-73.98866408976504, 40.68360783889084), (-73.98874253382263, 40.683638409152444), (-73.98881657140934, 40.68366726227709), (-73.98897341586549, 40.68372838594892), (-73.98905308017866, 40.6837594318936), (-73.98935168382022, 40.683875799276564), (-73.98939982690635, 40.683894560947365), (-73.98955662622033, 40.68395566622786), (-73.98937667516817, 40.68422200352745), (-73.98934916453078, 40.68426272191207), (-73.98915215960731, 40.684554299319785), (-73.98912840728988, 40.68458945307347), (-73.98909813425125, 40.68463558110297), (-73.98906873902831, 40.68468037183505), (-73.9888192633713, 40.68506050861354), (-73.988787965651, 40.68510819882122), (-73.98871156098788, 40.685224617977084), (-73.99090315101355, 40.686082425143105)]"
GRAVESEND,"(-74.00030403587535, 40.57878035001962)","(-73.98156367397989, 40.576981820497444)",0.021989338180769147,"[(-74.00030403587535, 40.57878035001962), (-74.0002946665236, 40.57872712559516), (-74.00023604013423, 40.57839408785274), (-74.00022612377902, 40.57833775893314), (-74.00019522610451, 40.57816223818453), (-74.00018841295413, 40.57812353436201), (-74.00015149007028, 40.577913780297635), (-74.00014212008278, 40.57786055200334), (-74.00009825327152, 40.57761135193384), (-74.0000888066871, 40.57755768554416), (-74.00003382458894, 40.57724533420243), (-73.99949581672956, 40.57731626157168), (-73.99940884686835, 40.57732772670823), (-73.99925100722051, 40.57734853412366), (-73.99912527136411, 40.577365109608536), (-73.99897586956563, 40.577340154855534), (-73.99798630437247, 40.577465989928506), (-73.9979090518203, 40.57747302177165), (-73.99781077653844, 40.57748711285701), (-73.99718091031606, 40.57755033397239), (-73.99695754933525, 40.577573355035504), (-73.99685610884966, 40.57758389728065), (-73.995797044457, 40.57769315094562), (-73.99473863620749, 40.5778161458647), (-73.99369720866828, 40.57793489078809), (-73.99326198042282, 40.575695154264935), (-73.9921959710341, 40.57580857079), (-73.99113479997438, 40.575925679360616), (-73.99015545199933, 40.576032608923555), (-73.99007402701699, 40.57604149907473), (-73.98901555345836, 40.57615831757322), (-73.9879538520176, 40.576275774319356), (-73.98689291474096, 40.57639209604422), (-73.98583251618797, 40.57650969600389), (-73.9847735908171, 40.57662632223796), (-73.98371127190396, 40.57674332589292), (-73.98265122906933, 40.57685931154007), (-73.98156367397989, 40.576981820497444)]"
HABER,"(-73.99052620162682, 40.57247606143974)","(-73.98156367397989, 40.576981820497444)",0.012232269220724396,"[(-73.99052620162682, 40.57247606143974), (-73.99062745574764, 40.57313020049176), (-73.99063998962058, 40.573211171062745), (-73.99065013356125, 40.57327670023793), (-73.99066666972118, 40.57338352831246), (-73.99071712186533, 40.5737094554514), (-73.98992499125329, 40.57393637131521), (-73.98982121767227, 40.57396609765682), (-73.98968697877935, 40.574004550970876), (-73.9886863897681, 40.57429467743252), (-73.98763474335165, 40.57459428191174), (-73.98702986347766, 40.57477027954194), (-73.9869396371495, 40.57479653158493), (-73.98660774857038, 40.57489309576248), (-73.98572242289762, 40.57511680541665), (-73.98557308976756, 40.57514996196313), (-73.98451903070446, 40.57530375122421), (-73.9847735908171, 40.57662632223796), (-73.98371127190396, 40.57674332589292), (-73.98265122906933, 40.57685931154007), (-73.98156367397989, 40.576981820497444)]"
HOWARD,"(-73.90908490956136, 40.67124896589692)","(-73.90198218142282, 40.66967007069608)",0.009111681315647338,"[(-73.90908490956136, 40.67124896589692), (-73.90868777739055, 40.671307827606626), (-73.90830768415546, 40.671364167666894), (-73.90733678997255, 40.671505806436386), (-73.90635681567358, 40.671651427676956), (-73.90543588956689, 40.671788678381525), (-73.90451556375946, 40.67192553539148), (-73.90359587543405, 40.672060034990075), (-73.90314683608928, 40.67212542327667), (-73.90295899866778, 40.672152774753755), (-73.90278377836322, 40.67217880423675), (-73.9026600835481, 40.672197178648226), (-73.90228822560194, 40.6709360064641), (-73.90198218142282, 40.66967007069608)]"
HUGHES APARTMENTS,"(-73.9084500684676, 40.66824995757996)","(-73.90892035289427, 40.66255460717905)",0.007406706151072467,"[(-73.9084500684676, 40.66824995757996), (-73.9092712207801, 40.668127814458174), (-73.90947429465535, 40.668016300946086), (-73.90961835117075, 40.667929448589284), (-73.90964247793912, 40.66790866190524), (-73.90966215746158, 40.66788531582409), (-73.9096769290028, 40.66785995692811), (-73.90968644673517, 40.66783317892319), (-73.9096904878349, 40.66780560873901), (-73.90961833518153, 40.66753679260231), (-73.90960658932858, 40.66752205461622), (-73.90959260547316, 40.66750849653451), (-73.90957658576059, 40.66749631434644), (-73.90954464925822, 40.66746876441284), (-73.90951924427272, 40.667437521032035), (-73.9095010927843, 40.66740347211651), (-73.90949071063193, 40.66736758530838), (-73.90948086540766, 40.667326468457965), (-73.90946398641873, 40.66728669901148), (-73.90944036839893, 40.66724897137736), (-73.90951536145182, 40.66723805562763), (-73.9095932017813, 40.66722672542446), (-73.91009068718934, 40.667154312159276), (-73.9099064652888, 40.66643619371876), (-73.90989734528661, 40.66640064332798), (-73.9098881184925, 40.666364676210485), (-73.90988178105489, 40.66633997208684), (-73.90987422371477, 40.66631051306425), (-73.90986555415537, 40.66627671687421), (-73.90969893782855, 40.66562720717732), (-73.90951662997435, 40.66491854576749), (-73.90950213747115, 40.664862212608156), (-73.90947772934803, 40.664767332150085), (-73.90946045511767, 40.664700185037184), (-73.90930543485972, 40.66409757722226), (-73.90917163714369, 40.66356147697041), (-73.90914238058295, 40.66344425239265), (-73.90892035289427, 40.66255460717905)]"
HYLAN,"(-73.940005361136, 40.703973160553)","(-73.94114917214166, 40.70028112749204)",0.004729163017979058,"[(-73.940005361136, 40.703973160553), (-73.93988701674502, 40.7039118228888), (-73.93987501300973, 40.70351676201537), (-73.94005021550558, 40.70339771022891), (-73.93996576440263, 40.70287169609856), (-73.9400876813909, 40.702823658202185), (-73.93999455370937, 40.70225240567673), (-73.93998790914421, 40.70221597693386), (-73.93996641726768, 40.70210833852467), (-73.93982495738383, 40.701208798645844), (-73.94001712055982, 40.70116614766985), (-73.94020563904989, 40.701124305143956), (-73.94042057874316, 40.701076598294954), (-73.94114917214166, 40.70028112749204)]"
INGERSOLL,"(-73.97990996788961, 40.69483563936558)","(-73.98146737707866, 40.69082439499143)",0.006157542117338508,"[(-73.97990996788961, 40.69483563936558), (-73.9801579748051, 40.69482454684754), (-73.98024930373892, 40.6948180666838), (-73.9804083285753, 40.694809040016274), (-73.98040077413356, 40.694773299616365), (-73.9802744726839, 40.694784124764524), (-73.98027543189652, 40.694764770493315), (-73.98035444012909, 40.69475271801672), (-73.98046187766764, 40.69473632917931), (-73.98075195744902, 40.694645225920944), (-73.98094152520167, 40.69416429394303), (-73.98095058965436, 40.694032460448824), (-73.98098333196738, 40.6935566169112), (-73.98147150314745, 40.693574935414254), (-73.98154757038635, 40.69357778957021), (-73.98175316942715, 40.693583385433236), (-73.98175889043786, 40.692955172537104), (-73.98177533905785, 40.69246763606434), (-73.98179025883418, 40.692025415985896), (-73.98148623557117, 40.692013895033575), (-73.98156931536765, 40.69191265479835), (-73.98146737707866, 40.69082439499143)]"
KINGSBOROUGH,"(-73.92483135485902, 40.676293207288545)","(-73.92138956858267, 40.679084196329256)",0.006011686264317995,"[(-73.92483135485902, 40.676293207288545), (-73.92479192219689, 40.67701516950796), (-73.92478283596881, 40.67710114469006), (-73.92378873422707, 40.67704607213032), (-73.9228218505652, 40.67699154985277), (-73.92268111902845, 40.67706109583024), (-73.92181539031648, 40.67701838995928), (-73.92171159945374, 40.67811571394572), (-73.92164748131954, 40.678870547032666), (-73.9216273155062, 40.67892796884778), (-73.92162721946735, 40.67892823833451), (-73.92162706407801, 40.678928454004414), (-73.92158809726061, 40.678982901784046), (-73.92158802583687, 40.678983009958294), (-73.92158790733387, 40.678983108216336), (-73.92153192788753, 40.679029481941114), (-73.92153176113898, 40.67902962623631), (-73.92153158301241, 40.67902971557467), (-73.92146363943212, 40.679063826283915), (-73.92146336595988, 40.67906396933347), (-73.9214630227837, 40.6790640679406), (-73.92138956858267, 40.679084196329256)]"
KINGSBOROUGH EXTENSION,"(-73.92458402482623, 40.67471332213733)","(-73.92138956858267, 40.679084196329256)",0.007208908322059589,"[(-73.92458402482623, 40.67471332213733), (-73.92366861525805, 40.67466317595273), (-73.922693609908, 40.67460391903197), (-73.92204843320636, 40.67457439719808), (-73.92197495287272, 40.67534854726978), (-73.92190090521791, 40.6761316210445), (-73.92183232561977, 40.67684904175911), (-73.9218236101585, 40.676938357970386), (-73.92181539031648, 40.67701838995928), (-73.92171159945374, 40.67811571394572), (-73.92164748131954, 40.678870547032666), (-73.9216273155062, 40.67892796884778), (-73.92162721946735, 40.67892823833451), (-73.92162706407801, 40.678928454004414), (-73.92158809726061, 40.678982901784046), (-73.92158802583687, 40.678983009958294), (-73.92158790733387, 40.678983108216336), (-73.92153192788753, 40.679029481941114), (-73.92153176113898, 40.67902962623631), (-73.92153158301241, 40.67902971557467), (-73.92146363943212, 40.679063826283915), (-73.92146336595988, 40.67906396933347), (-73.9214630227837, 40.6790640679406), (-73.92138956858267, 40.679084196329256)]"
LAFAYETTE,"(-73.95848313297336, 40.68905563896543)","(-73.96000519802665, 40.688881033215665)",0.001532047386451928,"[(-73.95848313297336, 40.68905563896543), (-73.95890061302819, 40.689007749309056), (-73.9590046277077, 40.68899581707336), (-73.95965676553152, 40.68892100544484), (-73.95983241027356, 40.6889008555325), (-73.95991522425447, 40.68889135510969), (-73.96000519802665, 40.688881033215665)]"
LONG ISLAND BAPTIST HOUSES,"(-73.89742786841848, 40.667448679137536)","(-73.89501573439519, 40.664600618173175)",0.004827261342229547,"[(-73.89742786841848, 40.667448679137536), (-73.89711651716242, 40.667494149329436), (-73.89701818405409, 40.66750850996829), (-73.89670364704425, 40.667554444431964), (-73.89658651721415, 40.66708995718723), (-73.89656178049286, 40.66699186068319), (-73.89648567844047, 40.66669006635097), (-73.89646841902126, 40.66662162231327), (-73.89631628311461, 40.66601829249549), (-73.89592090099637, 40.66447126248341), (-73.89501573439519, 40.664600618173175)]"
LOW HOUSES,"(-73.90479077559772, 40.669253986840545)","(-73.90198218142282, 40.66967007069608)",0.005425851843704925,"[(-73.90479077559772, 40.669253986840545), (-73.9043606924343, 40.66931727163683), (-73.90426139746411, 40.66933188225593), (-73.90388454132987, 40.66938735182294), (-73.90342596774423, 40.669457094661965), (-73.9029464105058, 40.66953004757731), (-73.90262640362398, 40.66827343100287), (-73.90214995642877, 40.66834235770402), (-73.901892019662, 40.66837967183572), (-73.9017216316303, 40.6684053865275), (-73.90166767890693, 40.66841352869019), (-73.90198218142282, 40.66967007069608)]"
MARCY,"(-73.95130462375627, 40.6973915348668)","(-73.94906040049318, 40.69463777791864)",0.004671557479225732,"[(-73.95130462375627, 40.6973915348668), (-73.95122537131093, 40.697400693532295), (-73.95106293944593, 40.69741946470421), (-73.95097489381686, 40.69742963936437), (-73.95079450574576, 40.69745048520706), (-73.95067938174125, 40.69746378869592), (-73.95048164055991, 40.69748663911634), (-73.95025274298033, 40.6975130889636), (-73.94974737531022, 40.697571484880804), (-73.94964732352108, 40.69758304560212), (-73.9495002443153, 40.69684766769583), (-73.94944650050202, 40.6965652162927), (-73.94942972973345, 40.696493248224535), (-73.94935578717045, 40.69612159280895), (-73.94930333087437, 40.69585967151903), (-73.9492661411969, 40.69567397651647), (-73.94920679216114, 40.69537763178808), (-73.94906040049318, 40.69463777791864)]"
MARLBORO,"(-73.98068818906404, 40.591973080374615)","(-73.98380318227053, 40.58904211918425)",0.006200302493482926,"[(-73.98068818906404, 40.591973080374615), (-73.98019776884071, 40.58944819378686), (-73.98091827940875, 40.589369748135745), (-73.98188103022417, 40.5892596293193), (-73.98281165369652, 40.589157830542405), (-73.98380318227053, 40.58904211918425)]"
NOSTRAND,"(-73.93659915770996, 40.59645741430454)","(-73.95511439337443, 40.59494790108506)",0.01914158530276476,"[(-73.93659915770996, 40.59645741430454), (-73.93715260820456, 40.596400482118035), (-73.93727309230681, 40.596388087624504), (-73.9373676001785, 40.596378365013805), (-73.93757796720034, 40.59635672362629), (-73.9376991569219, 40.596344256026626), (-73.93782453554111, 40.59633135750256), (-73.93819900898458, 40.59629283210061), (-73.93888588774398, 40.5962127937844), (-73.93912360122012, 40.59618509318296), (-73.93937947844216, 40.59615527555936), (-73.93980558675128, 40.59610561889003), (-73.94042477101623, 40.59603345919273), (-73.94069571812554, 40.5960018820321), (-73.94089356428599, 40.59597882388315), (-73.94101897126534, 40.59592089455202), (-73.94203169356663, 40.59580885333966), (-73.94295977097977, 40.595706883503794), (-73.94388433686993, 40.595604858890475), (-73.94481255095828, 40.5955024327193), (-73.94577449198366, 40.59539762885174), (-73.94624720944957, 40.59534523302185), (-73.94673768403986, 40.59529087182747), (-73.94766300616102, 40.59518870073154), (-73.94858996734995, 40.595087710868185), (-73.94951891108559, 40.59498479702648), (-73.9505541471592, 40.59487085380842), (-73.9517546518547, 40.59473821268688), (-73.95269927278541, 40.594637791650946), (-73.95276840892019, 40.59500018132204), (-73.95282748126152, 40.59499382121448), (-73.95364935333164, 40.59490525609356), (-73.95364949531825, 40.594905237890146), (-73.95372846269339, 40.59489673292661), (-73.95380672133415, 40.5948881462047), (-73.95424093751176, 40.594840511104714), (-73.95463048230063, 40.59479777371925), (-73.95469070034966, 40.5947911698538), (-73.9547351473099, 40.59502855586715), (-73.95511439337443, 40.59494790108506)]"
O'DWYER GARDENS,"(-73.99936049927479, 40.573788550194436)","(-73.98156367397989, 40.576981820497444)",0.01938415062324161,"[(-73.99936049927479, 40.573788550194436), (-73.99937036971869, 40.57383489897398), (-73.9993878783222, 40.57391711754484), (-73.99942076482266, 40.57407154862887), (-73.99944558836422, 40.57418811614321), (-73.99947423693483, 40.57432264300289), (-73.99954821712943, 40.574670036589495), (-73.99961512279324, 40.57498420714532), (-73.99855647023543, 40.575100564732445), (-73.99749692764964, 40.57521779458624), (-73.99643826762703, 40.575335501199824), (-73.995379757615, 40.57545082048347), (-73.99431553806208, 40.57557399189109), (-73.99326198042282, 40.575695154264935), (-73.9921959710341, 40.57580857079), (-73.99113479997438, 40.575925679360616), (-73.99015545199933, 40.576032608923555), (-73.99007402701699, 40.57604149907473), (-73.98901555345836, 40.57615831757322), (-73.9879538520176, 40.576275774319356), (-73.98689291474096, 40.57639209604422), (-73.98583251618797, 40.57650969600389), (-73.9847735908171, 40.57662632223796), (-73.98371127190396, 40.57674332589292), (-73.98265122906933, 40.57685931154007), (-73.98156367397989, 40.576981820497444)]"
OCEAN HILL APARTMENTS,"(-73.90867407483113, 40.681063358801794)","(-73.91076954423595, 40.683092700769734)",0.0031520064739715354,"[(-73.90867407483113, 40.681063358801794), (-73.90868520742751, 40.68111825977315), (-73.9087000703723, 40.681191556572266), (-73.90871891287175, 40.68128448038861), (-73.908860255535, 40.681994035962894), (-73.90905527028094, 40.68210557474534), (-73.90927462948628, 40.68223432308048), (-73.91002460995418, 40.68265737058731), (-73.91076954423595, 40.683092700769734)]"
PINK,"(-73.86548437332846, 40.66734945708957)","(-73.87191497686275, 40.67540264798403)",0.013168398820199415,"[(-73.86548437332846, 40.66734945708957), (-73.86562182206738, 40.66732778529365), (-73.86607437765728, 40.667256428728756), (-73.86638336014028, 40.66850368576778), (-73.86640007279068, 40.668571147294806), (-73.86644706525854, 40.668760833095696), (-73.86682707009042, 40.66870616173386), (-73.86697315255188, 40.668688416800016), (-73.86733978354184, 40.66864387997901), (-73.86758584225666, 40.668688586207104), (-73.86773413246343, 40.668668786273585), (-73.86829483443258, 40.668593918448174), (-73.86831454180951, 40.668669800068294), (-73.86832941339517, 40.66872688284989), (-73.86835444989576, 40.668822942449275), (-73.86844932673193, 40.6691869857804), (-73.86855843062591, 40.66960564383967), (-73.86867931026048, 40.670069493844984), (-73.86906320722443, 40.67160729262143), (-73.86944661749565, 40.67314310874556), (-73.8703670112123, 40.67301122423208), (-73.87067899074364, 40.674269506193205), (-73.87099435859041, 40.6755369846691), (-73.87191497686275, 40.67540264798403)]"
RED HOOK EAST,"(-74.00382345054597, 40.67490476367507)","(-73.9948895358318, 40.680199838476284)",0.013195839200055091,"[(-74.00382345054597, 40.67490476367507), (-74.00202625166582, 40.67448262078867), (-74.00197004678391, 40.67446942040869), (-74.00192453371491, 40.67445686765281), (-74.00169391421323, 40.67492745142237), (-74.00164250236882, 40.67503235855587), (-74.00161606017478, 40.67508631459659), (-74.00080909835255, 40.674876088825414), (-74.00062831092896, 40.67482495863773), (-74.00045011468973, 40.67476942502323), (-74.00035615498572, 40.67474573290541), (-74.00013621951501, 40.674688307202274), (-73.99966066429688, 40.674554355262664), (-73.99935169635398, 40.675200563309716), (-73.99903910235962, 40.67584367285842), (-73.99872819464862, 40.67648870826296), (-73.99841787134933, 40.67713182543029), (-73.99806763236123, 40.67786601848955), (-73.99669286646316, 40.67748665453168), (-73.9964722847153, 40.67743865949903), (-73.99612861160205, 40.6781615005142), (-73.99608291298429, 40.678252964232364), (-73.99579394639046, 40.678837460156906), (-73.99567137842583, 40.679045032964794), (-73.99537354311606, 40.679482428431974), (-73.99513859170268, 40.67982504599789), (-73.9948895358318, 40.680199838476284)]"
RED HOOK WEST,"(-74.0085859425748, 40.67640064893278)","(-73.9948895358318, 40.680199838476284)",0.01715862301218233,"[(-74.0085859425748, 40.67640064893278), (-74.00844738594266, 40.6765182386968), (-74.00803912172867, 40.6768724327913), (-74.00718438557116, 40.67760986024355), (-74.00710699816486, 40.67767662517716), (-74.00679656203678, 40.677944448699364), (-74.00614124449014, 40.678512572469096), (-74.0056581957043, 40.67888089262038), (-74.00558319298916, 40.6790360907467), (-74.00554227277203, 40.67911622037699), (-74.0038341094984, 40.678646194729765), (-74.00354836577293, 40.67856058133199), (-74.00327686885781, 40.678230368845306), (-74.00314492524146, 40.67830735200662), (-74.00299483920233, 40.67839509328046), (-74.00294835460167, 40.678422271493616), (-74.00288697678107, 40.67845892124066), (-74.00280992010879, 40.6785049332888), (-74.00270712216769, 40.678567593455256), (-74.00265148308935, 40.678601508553925), (-74.002553652708, 40.678658684449076), (-74.00246608814255, 40.678703576575955), (-74.00234475058303, 40.678961009189884), (-74.001947524745, 40.67884654376004), (-74.00190553612113, 40.678934758678), (-74.00005480037619, 40.67842016624143), (-73.99806763236123, 40.67786601848955), (-73.99669286646316, 40.67748665453168), (-73.9964722847153, 40.67743865949903), (-73.99612861160205, 40.6781615005142), (-73.99608291298429, 40.678252964232364), (-73.99579394639046, 40.678837460156906), (-73.99567137842583, 40.679045032964794), (-73.99537354311606, 40.679482428431974), (-73.99513859170268, 40.67982504599789), (-73.9948895358318, 40.680199838476284)]"
ROOSEVELT I,"(-73.93722772878589, 40.69337069717102)","(-73.93600679221925, 40.69740539574775)",0.006302344324681133,"[(-73.93722772878589, 40.69337069717102), (-73.93711267140073, 40.693339891231155), (-73.93713727229422, 40.69346309495856), (-73.93719492505127, 40.69375182509991), (-73.93727983868858, 40.694175299792995), (-73.93729729996, 40.69426237983521), (-73.9373419353446, 40.69448497636411), (-73.93748376644236, 40.695218431635155), (-73.93755700214285, 40.695584511520465), (-73.93763027449188, 40.69595086208581), (-73.93771051016633, 40.696319273256904), (-73.93779110792102, 40.696689342233185), (-73.93792316380201, 40.69728284063566), (-73.93794236786998, 40.69736914817849), (-73.93795451445934, 40.697423608148725), (-73.93638762625119, 40.697615301507305), (-73.93600679221925, 40.69740539574775)]"
ROOSEVELT II,"(-73.93597043350417, 40.69428197319589)","(-73.93600679221925, 40.69740539574775)",0.005336459767024584,"[(-73.93597043350417, 40.69428197319589), (-73.93604665644195, 40.69463395647925), (-73.93543425304509, 40.69470438850366), (-73.93524520246245, 40.69472613054224), (-73.93514062268301, 40.69473815808428), (-73.9348783353735, 40.694768322042755), (-73.93441631829118, 40.69482145318214), (-73.9345601174396, 40.695554831745596), (-73.93463155014253, 40.69592163333068), (-73.93470512606679, 40.696288309754166), (-73.9347969968421, 40.69673659185193), (-73.93522264436727, 40.69698654462918), (-73.93600679221925, 40.69740539574775)]"
SARATOGA VILLAGE,"(-73.9170210961053, 40.685581059571334)","(-73.91661032032303, 40.68639135218913)",0.0026815421028939554,"[(-73.9170210961053, 40.685581059571334), (-73.91732920735492, 40.68554449378096), (-73.91739576405598, 40.685536594905024), (-73.91770109453034, 40.68550035816255), (-73.91776547588604, 40.685818540309825), (-73.91778426812648, 40.68591141211646), (-73.91783531177502, 40.68616366909795), (-73.9178493747622, 40.68623316741192), (-73.91771300646353, 40.6862505771155), (-73.91764486796038, 40.68625927599212), (-73.91677745031008, 40.68637001456992), (-73.91661032032303, 40.68639135218913)]"
SHEEPSHEAD BAY,"(-73.93980558675128, 40.59610561889003)","(-73.95511439337443, 40.59494790108506)",0.015915841850885813,"[(-73.93980558675128, 40.59610561889003), (-73.94042477101623, 40.59603345919273), (-73.94069571812554, 40.5960018820321), (-73.94089356428599, 40.59597882388315), (-73.94101897126534, 40.59592089455202), (-73.94203169356663, 40.59580885333966), (-73.94295977097977, 40.595706883503794), (-73.94388433686993, 40.595604858890475), (-73.94481255095828, 40.5955024327193), (-73.94577449198366, 40.59539762885174), (-73.94624720944957, 40.59534523302185), (-73.94673768403986, 40.59529087182747), (-73.94766300616102, 40.59518870073154), (-73.94858996734995, 40.595087710868185), (-73.94951891108559, 40.59498479702648), (-73.9505541471592, 40.59487085380842), (-73.9517546518547, 40.59473821268688), (-73.95269927278541, 40.594637791650946), (-73.95276840892019, 40.59500018132204), (-73.95282748126152, 40.59499382121448), (-73.95364935333164, 40.59490525609356), (-73.95364949531825, 40.594905237890146), (-73.95372846269339, 40.59489673292661), (-73.95380672133415, 40.5948881462047), (-73.95424093751176, 40.594840511104714), (-73.95463048230063, 40.59479777371925), (-73.95469070034966, 40.5947911698538), (-73.9547351473099, 40.59502855586715), (-73.95511439337443, 40.59494790108506)]"
STUYVESANT GARDENS I,"(-73.93310174667535, 40.68823124457128)","(-73.93132705288305, 40.679367212683005)",0.009040081884896335,"[(-73.93310174667535, 40.68823124457128), (-73.93307410454575, 40.68808947925763), (-73.93306592486555, 40.68804752945649), (-73.93305847321648, 40.688009312926816), (-73.93304967282276, 40.68796418040978), (-73.93301119432107, 40.68776683535985), (-73.93300137959226, 40.68771649666364), (-73.93295847705987, 40.68749645020299), (-73.93281277365587, 40.686763220716614), (-73.93266904646838, 40.68603234288048), (-73.93252205980818, 40.685297824353455), (-73.93237790282734, 40.68456538792587), (-73.93222999866882, 40.683832696913626), (-73.93208669874159, 40.683100349781945), (-73.93193904895749, 40.682368387992696), (-73.93179282376303, 40.681634291985446), (-73.93164702626638, 40.68090192519927), (-73.93150063669682, 40.68016637042609), (-73.93132705288305, 40.679367212683005)]"
STUYVESANT GARDENS II,"(-73.9309694774475, 40.68847492492407)","(-73.9286426904778, 40.693241012551475)",0.0077033302922963655,"[(-73.9309694774475, 40.68847492492407), (-73.93017997013726, 40.68856513965269), (-73.93032510585479, 40.68929726411953), (-73.93046966482707, 40.6900302343349), (-73.93061691424683, 40.6907615400282), (-73.93076092295645, 40.69149517599935), (-73.93090708852696, 40.69222768756618), (-73.93105325653347, 40.692961161827064), (-73.9286426904778, 40.693241012551475)]"
SUMNER,"(-73.940294443939, 40.69757390156741)","(-73.94114917214166, 40.70028112749204)",0.003347563751130782,"[(-73.940294443939, 40.69757390156741), (-73.94070341856967, 40.69781586934371), (-73.94070647144697, 40.697817706178405), (-73.94087465071912, 40.69780056318219), (-73.94101903715477, 40.697895457396534), (-73.9410385097804, 40.69799120320834), (-73.94105513993843, 40.698072973436005), (-73.94107572995449, 40.69817421386994), (-73.9411503532608, 40.69854113134106), (-73.9413088072284, 40.69929247369737), (-73.9414309536809, 40.69993432173255), (-73.94114917214166, 40.70028112749204)]"
SURFSIDE GARDENS,"(-73.99855647023543, 40.575100564732445)","(-73.98156367397989, 40.576981820497444)",0.017096654497141157,"[(-73.99855647023543, 40.575100564732445), (-73.99749692764964, 40.57521779458624), (-73.99643826762703, 40.575335501199824), (-73.995379757615, 40.57545082048347), (-73.99431553806208, 40.57557399189109), (-73.99326198042282, 40.575695154264935), (-73.9921959710341, 40.57580857079), (-73.99113479997438, 40.575925679360616), (-73.99015545199933, 40.576032608923555), (-73.99007402701699, 40.57604149907473), (-73.98901555345836, 40.57615831757322), (-73.9879538520176, 40.576275774319356), (-73.98689291474096, 40.57639209604422), (-73.98583251618797, 40.57650969600389), (-73.9847735908171, 40.57662632223796), (-73.98371127190396, 40.57674332589292), (-73.98265122906933, 40.57685931154007), (-73.98156367397989, 40.576981820497444)]"
TAYLOR STREET-WYTHE AVENUE,"(-73.96458830425313, 40.7044787654318)","(-73.95790430804604, 40.70842717347034)",0.008494848621672425,"[(-73.96458830425313, 40.7044787654318), (-73.96454075407759, 40.70443590991059), (-73.96450083039815, 40.704399928015796), (-73.9643215945187, 40.70423838663344), (-73.96427994803688, 40.70420085115021), (-73.96405608920041, 40.704344402332794), (-73.96397411454048, 40.70439696850707), (-73.96345502237193, 40.70472983495413), (-73.96330622351662, 40.70482525061845), (-73.9627172863537, 40.705202896235505), (-73.96259802354699, 40.705279370709256), (-73.9624852650321, 40.70535167391018), (-73.96078200234949, 40.706463318812816), (-73.95939542535808, 40.70735240834263), (-73.95920084783094, 40.707331585279434), (-73.95845576794709, 40.70725184644047), (-73.95838432433263, 40.70767669079936), (-73.95815250170453, 40.70804091769972), (-73.95790430804604, 40.70842717347034)]"
TILDEN,"(-73.90712392129994, 40.662820462370654)","(-73.90892035289427, 40.66255460717905)",0.0018159970969677311,"[(-73.90712392129994, 40.662820462370654), (-73.90731881627944, 40.66279162212291), (-73.90758255915743, 40.66275259270242), (-73.9080457593185, 40.662684045191405), (-73.90810579541355, 40.662675160568895), (-73.90828778870406, 40.66264822640158), (-73.90892035289427, 40.66255460717905)]"
TOMPKINS,"(-73.94519676200477, 40.69663398075529)","(-73.94906040049318, 40.69463777791864)",0.005696235765574081,"[(-73.94519676200477, 40.69663398075529), (-73.94550124653223, 40.69659995411636), (-73.94628157848354, 40.69651088315378), (-73.94638497143373, 40.69652881909818), (-73.94649028002199, 40.696452720562085), (-73.946455249116, 40.69624134824549), (-73.94644455352159, 40.69617681391008), (-73.9464366422376, 40.69612908034468), (-73.94643067324338, 40.69609306387575), (-73.94636619011585, 40.69570397667753), (-73.94622340329833, 40.69496248164057), (-73.94906040049318, 40.69463777791864)]"
"UNITY PLAZA (SITES 17,24,25A)","(-73.89687890191117, 40.66823419851417)","(-73.89501573439519, 40.664600618173175)",0.004797340551588698,"[(-73.89687890191117, 40.66823419851417), (-73.89670364704425, 40.667554444431964), (-73.89658651721415, 40.66708995718723), (-73.89656178049286, 40.66699186068319), (-73.89648567844047, 40.66669006635097), (-73.89646841902126, 40.66662162231327), (-73.89631628311461, 40.66601829249549), (-73.89592090099637, 40.66447126248341), (-73.89501573439519, 40.664600618173175)]"
UNITY PLAZA (SITES 4-27),"(-73.89763330504381, 40.66741867608691)","(-73.89501573439519, 40.664600618173175)",0.005027360361791491,"[(-73.89763330504381, 40.66741867608691), (-73.89723306249616, 40.665877148506475), (-73.89683915446409, 40.664334652416976), (-73.89592090099637, 40.66447126248341), (-73.89501573439519, 40.664600618173175)]"
VAN DYKE I,"(-73.90432603377866, 40.66642420520471)","(-73.90237552281448, 40.663516898044335)",0.004328618662181076,"[(-73.90432603377866, 40.66642420520471), (-73.90413943680154, 40.66645171779193), (-73.90389482152466, 40.66648778267864), (-73.90319077075202, 40.666591581246415), (-73.90309635675474, 40.66622063874016), (-73.90307953913018, 40.666154564244906), (-73.90291654814558, 40.665514175649285), (-73.90288935553941, 40.66540733580336), (-73.90280177392154, 40.665063220681525), (-73.90274880883503, 40.66487108203763), (-73.90270307625511, 40.66470517901741), (-73.9026906558763, 40.66466012289344), (-73.90267231071724, 40.664593571589), (-73.90259285490959, 40.66430532990973), (-73.90256896468212, 40.664218664657135), (-73.90237552281448, 40.663516898044335)]"
VAN DYKE II,"(-73.90325381069086, 40.66499739280077)","(-73.90237552281448, 40.663516898044335)",0.002060800885607854,"[(-73.90325381069086, 40.66499739280077), (-73.90303431981063, 40.66502935646656), (-73.90280177392154, 40.665063220681525), (-73.90274880883503, 40.66487108203763), (-73.90270307625511, 40.66470517901741), (-73.9026906558763, 40.66466012289344), (-73.90267231071724, 40.664593571589), (-73.90259285490959, 40.66430532990973), (-73.90256896468212, 40.664218664657135), (-73.90237552281448, 40.663516898044335)]"
VANDALIA AVENUE,"(-73.88681787342699, 40.64974970626767)","(-73.89900463451397, 40.65136845874942)",0.015432964547821044,"[(-73.88681787342699, 40.64974970626767), (-73.88726575721167, 40.64945953045987), (-73.88738086416312, 40.64938495387716), (-73.8876754448418, 40.6491940972433), (-73.88815811900261, 40.64955754840985), (-73.88862825013283, 40.64993078328298), (-73.88908535295984, 40.650313431979704), (-73.88952893170973, 40.65070507083377), (-73.88995853804002, 40.65110530403712), (-73.89000589190667, 40.65114869662854), (-73.89003782518749, 40.65117817747752), (-73.89136543587328, 40.65236471894436), (-73.89152351172561, 40.65222759438916), (-73.89168581266496, 40.6520933636385), (-73.89185224737581, 40.65196210219403), (-73.89202272221924, 40.651833883886724), (-73.8921971413309, 40.651708780643446), (-73.89237540654472, 40.651586863023425), (-73.89255741757245, 40.65146819960084), (-73.89274307202061, 40.65135285711914), (-73.89353112559581, 40.650843321246995), (-73.89421598623589, 40.65040057598322), (-73.89464509552647, 40.65012350402047), (-73.89475506669986, 40.65005252459622), (-73.89502814454742, 40.649876269786645), (-73.89502905586116, 40.6498756854418), (-73.89539087322338, 40.64964214733623), (-73.89553575578472, 40.64954863066142), (-73.89566228781108, 40.64946695816654), (-73.89604952538862, 40.649217004663484), (-73.89611868960702, 40.64917236019648), (-73.89634446268525, 40.649026626910114), (-73.89675409526119, 40.649394947515106), (-73.89680589289452, 40.64944152031986), (-73.89760339811633, 40.65015857757542), (-73.89765449009069, 40.6502045147672), (-73.89797649483312, 40.650494030868174), (-73.89900463451397, 40.65136845874942)]"
WHITMAN,"(-73.97499988858074, 40.69427488298011)","(-73.98146737707866, 40.69082439499143)",0.010203311831735007,"[(-73.97499988858074, 40.69427488298011), (-73.97532793455706, 40.69420193143995), (-73.97598393412696, 40.69407432320852), (-73.97594010787192, 40.693855363814556), (-73.97602942382264, 40.69381435482946), (-73.97613115710872, 40.693787279592776), (-73.97623927275782, 40.69377690086014), (-73.97634664883508, 40.69378390183451), (-73.97644654254377, 40.69380675060796), (-73.97652657708505, 40.69384850556881), (-73.97661514478226, 40.69388150035857), (-73.97670963174696, 40.6939043478046), (-73.97680698562216, 40.693916326407), (-73.97690399995983, 40.693917381236254), (-73.97700367762158, 40.693914933685996), (-73.97710344227079, 40.69390078880265), (-73.97719975637803, 40.6938750262983), (-73.9772892236579, 40.693838573277965), (-73.97736900424647, 40.69379303176598), (-73.97740440873974, 40.69373880977456), (-73.97746062327462, 40.69368876127084), (-73.97753597678839, 40.69364951361659), (-73.97762406644317, 40.693626765648844), (-73.97771523745618, 40.69362302854764), (-73.97779986019987, 40.69363673255979), (-73.9778712991348, 40.69366336558163), (-73.97782679465377, 40.693438138895864), (-73.97839264153042, 40.693459326328146), (-73.97916718471078, 40.69348832271875), (-73.97909222719373, 40.69295413865808), (-73.97894723237584, 40.6919208050183), (-73.98148623557117, 40.692013895033575), (-73.98156931536765, 40.69191265479835), (-73.98146737707866, 40.69082439499143)]"
WOODSON,"(-73.90226955401064, 40.66513952542311)","(-73.90237552281448, 40.663516898044335)",0.00214165818669844,"[(-73.90226955401064, 40.66513952542311), (-73.90280177392154, 40.665063220681525), (-73.90274880883503, 40.66487108203763), (-73.90270307625511, 40.66470517901741), (-73.9026906558763, 40.66466012289344), (-73.90267231071724, 40.664593571589), (-73.90259285490959, 40.66430532990973), (-73.90256896468212, 40.664218664657135), (-73.90237552281448, 40.663516898044335)]"
WYCKOFF GARDENS,"(-73.98387150371966, 40.68267372928343)","(-73.97876022462941, 40.683765443980576)",0.006647996680172205,"[(-73.98387150371966, 40.68267372928343), (-73.98362502008816, 40.68262669258958), (-73.98352231465839, 40.68258944290611), (-73.98348321842558, 40.6825497791595), (-73.98335230949363, 40.682740964413846), (-73.9831009593213, 40.6826503491144), (-73.98289143190398, 40.68296538346889), (-73.98241638197145, 40.68278056609867), (-73.98199244072916, 40.68341814191217), (-73.98156151583235, 40.68405354819433), (-73.98113227388225, 40.684688449167226), (-73.97884393527161, 40.68380119789456), (-73.97876022462941, 40.683765443980576)]"
